{
    "_comment" : "This section is autocomplete for django template tags",

    "variable": {
        "description": "{{ var }}",
        "prefix": "variable",
        "body": "{{ $1 }}"
    },

    "super": {
        "description": "{{ block.super }}",
        "prefix": "super",
        "body": "{{ block.super }}"
    },

    "tag": {
        "description": "{% tag %}",
        "prefix": "tag",
        "body": "{% $1 %}"
    },

    "autoescape": {
        "description": "{% autoescape %}",
        "prefix": "autoescape",
        "body": "{% autoescape ${1|off,on|} %}$0{% endautoescape %}"
    },

    "autoescape_paste": {
        "description": "{% autoescape %} (paste)",
        "prefix": "autoescape_paste",
        "body": [
            "{% autoescape ${1|off,on|} %}",
            "$0${CLIPBOARD}",
            "{% endautoescape %}"
        ]
    },

    "endautoescape": {
        "description": "{% endautoescape %}",
        "prefix": "endautoescape",
        "body": "{% endautoescape %}"
    },

    "block": {
        "description": "{% block %}",
        "prefix": "block",
        "body": [
            "{% block $1 %}$0",
            "{% endblock $1 %}"
        ]
    },

    "block_inline": {
        "description": "{% block %} (inline)",
        "prefix": "blok",
        "body": "{% block $1 %}$0{% endblock %}"
    },

    "endblock": {
        "description": "{% endblock %}",
        "prefix": "endblock",
        "body": "{% endblock %}"
    },

    "comment_inline": {
        "description": "{% comment %} (inline)",
        "prefix": "comm",
        "body": "{# $1 #}"
    },

    "comment": {
        "description": "{% comment %}",
        "prefix": "comment",
        "body": [
            "{% comment '$1' %}$0",
            "{% endcomment %}"
        ]
    },

    "comment_paste": {
        "description": "{% comment %} (paste)",
        "prefix": "comment",
        "body": [
            "{% comment %}${CLIPBOARD}",
            "{% endcomment %}"
        ]
    },

    "comment_selection": {
        "description": "{% comment %} (selection)",
        "prefix": "comment",
        "body": [
            "$0{% comment %}",
            "\t${TM_SELECTED_TEXT}",
            "$0{% endcomment %}"
        ]
    },

    "endcomment": {
        "description": "{% endcomment %}",
        "prefix": "endcomment",
        "body": "{% endcomment %}"
    },

    "csrf_token": {
        "description": "{% csrf_token %}",
        "prefix": "csrf_token",
        "body": "{% csrf_token %}"
    },

    "cycle": {
        "description": "{% cycle %}",
        "prefix": "cycle",
        "body": [
            "{% cycle $1 %}$0",
            "{% endcycle %}"
        ]
    },

    "endcycle": {
        "description": "{% endcycle %}",
        "prefix": "endcycle",
        "body": "{% endcycle %}"
    },

    "debug": {
        "description": "{% debug %}",
        "prefix": "debug",
        "body": [
            "{% debug $1 %}$0",
            "{% enddebug %}"
        ]
    },

    "enddebug": {
        "description": "{% enddebug %}",
        "prefix": "enddebug",
        "body": "{% enddebug %}"
    },

    "extends": {
        "description": "{% extends %}",
        "prefix": "extends",
        "body": [
            "{% extends '$1' %}$0"
        ]
    },

    "filter": {
        "description": "{% filter %}",
        "prefix": "filter",
        "body": [
            "{% filter $1 %}$0",
            "{% endfilter %}"
        ]
    },

    "endfilter": {
        "description": "{% endfilter %}",
        "prefix": "endfilter",
        "body": "{% endfilter %}"
    },

    "firstof": {
        "description": "{% firstof %}",
        "prefix": "firstof",
        "body": [
            "{% firstof $1 as $2 %}"
        ]
    },

    "endfirstof": {
        "description": "{% endfirstof %}",
        "prefix": "endfirstof",
        "body": "{% endfirstof %}"
    },

    "for": {
        "description": "{% for %}",
        "prefix": "for",
        "body": "{% for $1 in $2 %}$0{% endfor %}"
    },

    "for_paste": {
        "description": "{% for %} (paste)",
        "prefix": "for_paste",
        "body": "{% for $1 in $2 %}$3${CLIPBOARD}$0{% endfor %}"
    },

    "endfor": {
        "description": "{% endfor %}",
        "prefix": "endfor",
        "body": "{% endfor %}"
    },

    "forempty": {
        "description": "{% forempty %}",
        "prefix": "forempty",
        "body": "{% for $1 in $2 %}$0{% empty %}$3{% endfor %}"
    },

    "forempty_paste": {
        "description": "{% forempty %} (paste)",
        "prefix": "forempty_paste",
        "body": "{% for $1 in $2 %}$3${CLIPBOARD}{% empty %}$0{% endfor %}"
    },

    "if": {
        "description": "{% if %}",
        "prefix": "if",
        "body": "{% if $1 %}$0{% endif %}"
    },

    "if_paste": {
        "description": "{% if %} (paste)",
        "prefix": "if_paste",
        "body": "{% if $1 %}$0${CLIPBOARD}{% endif %}"
    },

    "ifelse": {
        "description": "{% if %}{% else %}{% endif %}",
        "prefix": "ifelse",
        "body": "{% if $1 %}$2{% else %}$3{% endif %}"
    },

    "ifelse_paste": {
        "description": "{% if %}{% else %}{% endif %} (paste)",
        "prefix": "ifelse_paste",
        "body": "{% if $1 %}$2${CLIPBOARD}{% else %}$3{% endif %}"
    },

    "elif": {
        "prefix": "elif",
        "body": "{% elif %}",
        "description": "elif"
    },
    
    "else": {
        "prefix": "else",
        "body": "{% else %}",
        "description": "else"
    },

    "endif": {
        "description": "{% endif %}",
        "prefix": "endif",
        "body": "{% endif %}"
    },

    "ifchanged": {
        "description": "{% ifchanged %}",
        "prefix": "ifchanged",
        "body": "{% ifchanged $1 %}$0{% endifchanged %}"
    },

    "endifchanged": {
        "description": "{% endifchanged %}",
        "prefix": "endifchanged",
        "body": "{% endifchanged %}"
    },

    "include": {
        "description": "{% include %}",
        "prefix": "include",
        "body": "{% include $1 %}"
    },

    "load": {
        "description": "{% load tags %}",
        "prefix": "load",
        "body": [
            "{% load ${1|static,i18n,cache,l10n,tz,humanize,flatpages|} %}"
        ]
    },

    "lorem": {
        "description": "{% lorem %}",
        "prefix": "lorem",
        "body": "{% lorem ${1|1,2,3,4,5,6,7,8,9|} ${2|b,p,w|} ${3:random }%}"
    },

    "now": {
        "description": "{% now %}",
        "prefix": "now",
        "body": "{% now \"${1|DATE_FORMAT,DATETIME_FORMAT,SHORT_DATE_FORMAT,SHORT_DATETIME_FORMAT,Y-m-d H:i|}\" %}"
    },

    "regroup": {
        "description": "{% regroup %}",
        "prefix": "regroup",
        "body": "{% regroup $1 by $2 as ${3:_list} %}"
    },

    "regroup_example": {
        "description": "{% regroup %}",
        "prefix": "regroup_example",
        "body": [
            "{% regroup ${1:object_list} by ${2:category} as ${2:category}_list %}",
            "<ul>",
            "    {% for ${2:category}, ${3:obj}_list in ${2:category}_list %}",
            "        <li>{{ ${2:category} }}",
            "        <ul>",
            "            {% for ${3:obj} in ${3:obj}_list %}",
            "                <li>{{ ${3:obj} }}</li>",
            "            {% endfor %}",
            "        </ul>",
            "        </li>",
            "    {% endfor %}",
            "</ul>"
        ]
    },

    "resetcycle": {
        "description": "{% resetcycle %}",
        "prefix": "resetcycle",
        "body": "{% resetcycle %}"
    },

    "spaceless": {
        "description": "{% spaceless %}",
        "prefix": "spaceless",
        "body": "{% spaceless %}$0{% endspaceless %}"
    },

    "spaceless_paste": {
        "description": "{% spaceless %} (paste)",
        "prefix": "spaceless_paste",
        "body": [
            "{% spaceless %}",
            "${CLIPBOARD}$0",
            "{% endspaceless %}"
        ]
    },

    "endspaceless": {
        "description": "{% endspaceless %}",
        "prefix": "endspaceless",
        "body": "{% endspaceless %}"
    },

    "templatetag": {
        "description": "{% templatetag %}",
        "prefix": "templatetag",
        "body": [
            "{% templatetag ${1|openblock,closeblock,openvariable,closevariable,openbrace,closebrace,opencomment,closecomment|} %}"
        ]
    },

    "url": {
        "description": "{% url %}",
        "prefix": "url",
        "body": "{% url '$1' %}"
    },

    "urlpk": {
        "description": "{% url pk=object.pk %}",
        "prefix": "urlpk",
        "body": "{% url '$1' pk=${2:${3:object}.pk} %}"
    },

    "urlslug": {
        "description": "{% url slug=object.slug %}",
        "prefix": "urlslug",
        "body": "{% url '$1' slug=${2:${3:object}.slug} %}"
    },

    "verbatim": {
        "description": "{% verbatim %}",
        "prefix": "verbatim",
        "body": "{% verbatim $1 %}$0{% endverbatim $1 %}"
    },

    "verbatim_paste": {
        "description": "{% verbatim %} (paste)",
        "prefix": "verbatim_paste",
        "body": "{% verbatim $1 %}$0${CLIPBOARD}{% endverbatim $1 %}"
    },

    "endverbatim": {
        "description": "{% endverbatim %}",
        "prefix": "endverbatim",
        "body": "{% endverbatim $1%}"
    },

    "widthratio": {
        "description": "{% widthratio %}",
        "prefix": "widthratio",
        "body": "{% widthratio ${1:this_value} ${2:max_value} ${3:max_width} ${4:as ${5:width}}%}"
    },

    "with": {
        "description": "{% with %}",
        "prefix": "with",
        "body": "{% with $1 as $2 %}$0{% endwith %}"
    },

    "endwith": {
        "description": "{% endwith %}",
        "prefix": "endwith",
        "body": "{% endwith %}"
    },

    "with_selection": {
        "description": "{% with as %} (selection)",
        "prefix": "with_selection",
        "body": [
            "$0{% with $1 as $2 %}",
            "\t${TM_SELECTED_TEXT}",
            "$0{% endwith %}"
        ]
    },

    "with_paste": {
        "description": "{% with as %} (paste)",
        "prefix": "with_paste",
        "body": [
            "{% with $1 as $2 %}${CLIPBOARD}",
            "{% endwith %}"
        ]
    },

    "trans": {
        "description": "{% trans \"\" %}",
        "prefix": "trans",
        "body": [
            "{% trans \"${0:$SELECTION}\" %}"
        ]
    },

    "trans_paste": {
        "description": "{% trans \"(paste)\" %}",
        "prefix": "trans_paste",
        "body": [
            "{% trans \"${CLIPBOARD}\" %}"
        ]
    },

    "blocktrans": {
        "description": "{% blocktrans %}{% endblocktrans %}",
        "prefix": "blocktrans",
        "body": "{% blocktrans %}$0{% endblocktrans %}"
    },

    "blocktrans_paste": {
        "description": "{% blocktrans %}(paste){% endblocktrans %}",
        "prefix": "blocktrans_paste",
        "body": [
            "{% blocktrans ${2:trimmed }%}",
            "$0${CLIPBOARD}",
            "{% endblocktrans %}"
        ]
    },

    "blocktrans_with": {
        "description": "{% blocktrans as %}{% endblocktrans %}",
        "prefix": "blocktrans_with",
        "body": "{% blocktrans with $1=$2 ${3:trimmed }%}$0{% endblocktrans %}"
    },

    "blocktrans_with_paste": {
        "description": "{% blocktrans as %}(paste){% endblocktrans %}",
        "prefix": "blocktrans_with_paste",
        "body": ["{% blocktrans with $1=$2 ${3:trimmed }%}",
            "$0${CLIPBOARD}",
            "{% endblocktrans %}"
        ]
    },

    "static": {
        "prefix": "static",
        "body": "{% static '${1:$SELECTION}' %}",
        "description": "static"
    }
}