{
  "ext.config.title": "Prettier - Code formatter configuration",
  "ext.config.disableLanguages": "A list of languages IDs to disable this extension on",
  "ext.config.requireConfig": "Require a 'prettierconfig' to format",
  "ext.config.ignorePath": "Path to a .prettierignore or similar file",
  "ext.config.printWidth": "Fit code within this line limit",
  "ext.config.tabWidth": "Number of spaces it should use per tab",
  "ext.config.singleQuote": "If true, will use single instead of double quotes",
  "ext.config.trailingComma": "Controls the printing of trailing commas wherever possible.\n Valid options:\n    'none' - No trailing commas\n    'es5' - Trailing commas where valid in ES5 (objects, arrays, etc)\n    'all' - Trailing commas wherever possible (function arguments)",
  "ext.config.bracketSpacing": "Controls the printing of spaces inside object literals",
  "ext.config.jsxBracketSameLine": "If true, puts the `>` of a multi-line jsx element at the end of the last line instead of being alone on the next line",
  "ext.config.parser": "Override the parser. You shouldn't have to change this setting.",
  "ext.config.semi": "Whether to add a semicolon at the end of every line",
  "ext.config.useTabs": "Indent lines with tabs",
  "ext.config.proseWrap": "(Markdown) wrap prose over multiple lines",
  "ext.config.arrowParens": "Include parentheses around a sole arrow function parameter",
  "ext.config.jsxSingleQuote": "Use single quotes instead of double quotes in JSX",
  "ext.config.htmlWhitespaceSensitivity": "Specify the global whitespace sensitivity for HTML files.\n Valid options: \n'css' - Respect the default value of CSS display property. \n'strict' - Whitespaces are considered sensitive. \n'ignore' - Whitespaces are considered insensitive.",
  "ext.config.endOfLine": "Specify the end of line used by prettier",
  "ext.config.quoteProps": "Change when properties in objects are quoted",
  "ext.config.eslintIntegration": "Use 'prettier-eslint' instead of 'prettier'. Other settings will only be fallbacks in case they could not be inferred from eslint rules.",
  "ext.config.tslintIntegration": "Use 'prettier-tslint' instead of 'prettier'. Other settings will only be fallbacks in case they could not be inferred from tslint rules.",
  "ext.config.stylelintIntegration": "Use 'prettier-stylelint' instead of 'prettier'. Other settings will only be fallbacks in case they could not be inferred from stylelint rules.",
  "ext.config.lintDeprecationMessage": "This setting has been deprecated. See: https://github.com/prettier/prettier-vscode#vscode-eslint-and-tslint-integration"
}
