{
    "python.command.python.sortImports.title": "Отсортировать Imports",
    "python.command.python.startREPL.title": "Открыть REPL",
    "python.command.python.buildWorkspaceSymbols.title": "Собрать символы рабочего пространства",
    "python.command.python.runtests.title": "Запустить все тесты",
    "python.command.python.debugtests.title": "Запустить все тесты под отладчиком",
    "python.command.python.execInTerminal.title": "Выполнить файл в консоли",
    "python.command.python.setInterpreter.title": "Выбрать интерпретатор",
    "python.command.python.updateSparkLibrary.title": "Обновить библиотеки PySpark",
    "python.command.python.refactorExtractVariable.title": "Извлечь в переменную",
    "python.command.python.refactorExtractMethod.title": "Извлечь в метод",
    "python.command.python.viewTestOutput.title": "Показать вывод теста",
    "python.command.python.selectAndRunTestMethod.title": "Запусть тестовый метод...",
    "python.command.python.selectAndDebugTestMethod.title": "Отладить тестовый метод...",
    "python.command.python.selectAndRunTestFile.title": "Запустить тестовый файл...",
    "python.command.python.runCurrentTestFile.title": "Запустить текущий тестовый файл",
    "python.command.python.runFailedTests.title": "Запустить непрошедшие тесты",
    "python.command.python.discoverTests.title": "Обнаружить тесты",
    "python.command.python.execSelectionInTerminal.title": "Выполнить выбранный текст или текущую строку в консоли",
    "python.command.python.execSelectionInDjangoShell.title": "Выполнить выбранный текст или текущую строку в оболочке Django",
    "python.command.python.goToPythonObject.title": "Перейти к объекту Python",
    "python.command.python.setLinter.title": "Выбрать анализатор кода",
    "python.command.python.enableLinting.title": "Включить анализатор кода",
    "python.command.python.runLinting.title": "Выполнить анализ кода",
    "python.snippet.launch.standard.label": "Python: Текущий файл",
    "python.snippet.launch.standard.description": "Отладить программу Python со стандартным выводом",
    "python.snippet.launch.pyspark.label": "Python: PySpark",
    "python.snippet.launch.pyspark.description": "Отладка PySpark",
    "python.snippet.launch.module.label": "Python: Модуль",
    "python.snippet.launch.module.description": "Отладка модуля",
    "python.snippet.launch.terminal.label": "Python: Интегрированная консоль",
    "python.snippet.launch.terminal.description": "Отладка программы Python в интегрированной консоли",
    "python.snippet.launch.externalTerminal.label": "Python: Внешний терминал",
    "python.snippet.launch.externalTerminal.description": "Отладка программы Python во внешней консоли",
    "python.snippet.launch.django.label": "Python: Django",
    "python.snippet.launch.django.description": "Отладка приложения Django",
    "python.snippet.launch.flask.label": "Python: Flask",
    "python.snippet.launch.flask.description": "Отладка приложения Flask",
    "python.snippet.launch.flaskOld.label": "Python: Flask (0.10.x или старее)",
    "python.snippet.launch.flaskOld.description": "Отладка приложения Flask (старый стиль)",
    "python.snippet.launch.gevent.label": "Python: Gevent",
    "python.snippet.launch.gevent.description": "Отладка приложения Gevent",
    "python.snippet.launch.pyramid.label": "Python: Приложение Pyramid",
    "python.snippet.launch.pyramid.description": "Отладка приложения Pyramid",
    "python.snippet.launch.watson.label": "Python: Приложение Watson",
    "python.snippet.launch.watson.description": "Отладка приложения Watson",
    "python.snippet.launch.attach.label": "Python: Подключить отладчик",
    "python.snippet.launch.attach.description": "Подключить отладчик для удаленной отладки",
    "python.snippet.launch.scrapy.label": "Python: Scrapy",
    "python.snippet.launch.scrapy.description": "Scrapy в интегрированной консоли",
    "LanguageService.bannerMessage": "Не могли бы вы уделить 2 минуты, чтобы рассказать нам насколько хорошо у вас работает Python Language Server?",
    "LanguageService.bannerLabelYes": "Да, пройти опрос сейчас",
    "LanguageService.bannerLabelNo": "Нет, спасибо"
}
