{
    "python.command.python.sortImports.title": "Import문 정렬",
    "python.command.python.startREPL.title": "REPL 시작",
    "python.command.python.buildWorkspaceSymbols.title": "작업 영역 기호 빌드",
    "python.command.python.runtests.title": "모든 단위 테스트 실행",
    "python.command.python.debugtests.title": "모든 단위 테스트 디버그",
    "python.command.python.execInTerminal.title": "터미널에서 Python 파일 실행",
    "python.command.python.setInterpreter.title": "인터프리터 선택",
    "python.command.python.updateSparkLibrary.title": "PySpark 작업 영역 라이브러리 업데이트",
    "python.command.python.refactorExtractVariable.title": "변수 추출",
    "python.command.python.refactorExtractMethod.title": "메서드 추출",
    "python.command.python.viewTestOutput.title": "단위 테스트 결과 보기",
    "python.command.python.selectAndRunTestMethod.title": "단위 테스트 메서드 실행 ...",
    "python.command.python.selectAndDebugTestMethod.title": "단위 테스트 메서드 디버그 ...",
    "python.command.python.selectAndRunTestFile.title": "단위 테스트 파일 실행 ...",
    "python.command.python.runCurrentTestFile.title": "현재 단위 테스트 파일 실행",
    "python.command.python.runFailedTests.title": "실패한 단위 테스트 실행",
    "python.command.python.execSelectionInTerminal.title": "Python 터미널에서 선택 영역/줄 실행",
    "python.command.python.execSelectionInDjangoShell.title": "Django 셸에서 선택 영역/줄 실행",
    "python.command.python.goToPythonObject.title": " Python 객체로 이동",
	"python.snippet.launch.standard.label": "Python: Current File",
	"python.snippet.launch.standard.description": "표준 출력으로 Python 프로그램 디버그",
	"python.snippet.launch.pyspark.label": "Python: PySpark",
	"python.snippet.launch.pyspark.description": "PySpark 디버그",
	"python.snippet.launch.module.label": "Python: 모듈",
	"python.snippet.launch.module.description": "Python 모듈 디버그",
	"python.snippet.launch.terminal.label": "Python: 터미널 (통합)",
	"python.snippet.launch.terminal.description": "통합 터미널/콘솔에서 Python 프로그램 디버그",
	"python.snippet.launch.externalTerminal.label": "Python: 터미널 (외부)",
	"python.snippet.launch.externalTerminal.description": "외부 터미널/콘솔에서 Python 프로그램 디버그",
	"python.snippet.launch.django.label": "Python: Django",
	"python.snippet.launch.django.description": "Django 응용 프로그램 디버그",
	"python.snippet.launch.flask.label": "Python: Flask",
	"python.snippet.launch.flask.description": "Flask 응용 프로그램 디버그",
	"python.snippet.launch.flaskOld.label": "Python: Flask (0.10.x 또는 이전 버전)",
	"python.snippet.launch.flaskOld.description": "이전 스타일의 Flask 응용 프로그램 디버그",
	"python.snippet.launch.pyramid.label": "Python: Pyramid 응용 프로그램",
	"python.snippet.launch.pyramid.description": "Pyramid 응용 프로그램 디버그",
	"python.snippet.launch.watson.label": "Python: Watson 응용 프로그램",
	"python.snippet.launch.watson.description": "Watson 응용 프로그램 디버그",
	"python.snippet.launch.attach.label": "Python: 연결",
	"python.snippet.launch.attach.description": "원격 디버깅을 위해 디버거에 연결",
	"python.snippet.launch.scrapy.label": "Python: Scrapy",
	"python.snippet.launch.scrapy.description": "통합 터미널/콘솔에서 Scrapy 실행"
}
