{
    "command.activateIcons": "Material Icons: Icon Theme aktivieren",
    "command.toggleIconPacks": "Material Icons: Icon Packs konfigurieren",
    "command.changeFolderTheme": "Material Icons: Ordner Thema auswählen",
    "command.changeFolderColor": "Material Icons: Ordner Farbe ändern",
    "command.restoreDefaultConfig": "Material Icons: Standard Einstellungen wiederherstellen",
    "command.toggleExplorerArrows": "Material Icons: Explorer Pfeilsymbole umschalten",
    "command.changeOpacity": "Material Icons: Deckkraft verändern",
    "command.toggleGrayscale": "Material Icons: Graustufen umschalten",
    "command.changeSaturation": "Material Icons: Sättigung verändern",
    "configuration.title": "Material Icons",
    "configuration.files.associations": "Benutzerdefinierte Datei Icons konfigurieren.",
    "configuration.folders.associations": "Benutzerdefinierte Ordner Icons konfigurieren.",
    "configuration.languages.associations": "Benutzerdefinierte Language Icons konfigurieren.",
    "configuration.showWelcomeMessage": "Willkommensnachricht nach der ersten Installation anzeigen.",
    "configuration.showUpdateMessage": "Nachricht bei Aktualisierungen anzeigen.",
    "configuration.showReloadMessage": "Nachricht zum Neustarten anzeigen.",
    "configuration.activeIconPack": "Icon-Pack auswählen, die bestimme Icons aktivieren.",
    "configuration.activeIconPack.angular": "Icons für Angular",
    "configuration.activeIconPack.angular_ngrx": "Icons für Angular und Ngrx",
    "configuration.activeIconPack.react": "Icons für React",
    "configuration.activeIconPack.react_redux": "Icons für React und Redux",
    "configuration.activeIconPack.vue": "Icons für Vue.",
    "configuration.activeIconPack.vue_vuex": "Icons für Vue und Vuex.",
    "configuration.activeIconPack.nest": "Icons für NestJS.",
    "configuration.activeIconPack.none": "Kein Icon-Pack aktiviert.",
    "configuration.folders.theme": "Art der Ordner Icons auswählen.",
    "configuration.folders.theme.specific": "Spezifische Ordner Icons auswählen.",
    "configuration.folders.theme.classic": "Klassische Ordner Icons auswählen.",
    "configuration.folders.theme.none": "Keine Ordner Icons.",
    "configuration.folders.color": "Farbe der Ordner Icons verändern.",
    "configuration.hidesExplorerArrows": "Pfeile vor den Ordnern deaktivieren.",
    "configuration.opacity": "Deckkraft der Icons anpassen.",
    "configuration.saturation": "Sättigung der Icons anpassen."
}