{
    "comments": {
        // symbols used for start and end a block comment. Remove this entry if your language does not support block comments
        "blockComment": [ "{% comment %}", "{% endcomment %}" ]
    },
    // symbols used as brackets
    "brackets": [
        ["<!--", "-->"],
        ["<", ">"],
        ["{", "}"],
        ["%", "%"],
        ["(", ")"]
    ],
    // symbols that are auto closed when typing
    "autoClosingPairs": [
        { "open": "{", "close": "}"},
        { "open": "%", "close": "%"},
        { "open": "[", "close": "]"},
        { "open": "(", "close": ")" },
        { "open": "'", "close": "'" },
        { "open": "`", "close": "`" },
        { "open": "\"", "close": "\"" },
        { "open": "<!--", "close": "-->", "notIn": [ "comment", "string" ]}
    ],
    // symbols that that can be used to surround a selection
    "surroundingPairs": [
        { "open": "'", "close": "'" },
        { "open": "\"", "close": "\"" },
        { "open": "{", "close": "}"},
        { "open": "%", "close": "%"},
        { "open": "[", "close": "]"},
        { "open": "(", "close": ")" },
        { "open": "<", "close": ">" }
    ],
    "folding": {
        "markers": {
            "start": "^\\s*<!--\\s*#region\\b.*-->",
            "end": "^\\s*<!--\\s*#endregion\\b.*-->"
        }
    },
    "wordPattern": "([\\w\\/\\.]+)|(-?\\d*\\.\\d\\w*)|([^\\`\\~\\!\\@\\#\\%\\^\\&\\*\\(\\)\\-\\=\\+\\[\\{\\]\\}\\\\\\|\\;\\:\\'\\\"\\,\\.\\<\\>\\/\\?\\s]+)"
}
